Catch Date,District Name,Stat Area,Deliveries,Chinook Count,Sockeye Count,Coho Count,Pink Count,Chum Count,Total Count,Catch Date,Year
2018-09-12,325 - Nushagak,Nushagak Set,,,,,,,,2018-09-12,2018
2018-09-11,325 - Nushagak,Nushagak Set,,,,,,,,2018-09-11,2018
2018-09-06,326 - Togiak,Togiak Drift,,,,,,,,2018-09-06,2018
2018-09-06,326 - Togiak,Togiak Set,11,0,186,1481,0,1,1668,2018-09-06,2018
2018-09-05,326 - Togiak,Togiak Set,8,0,96,927,0,1,1024,2018-09-05,2018
2018-09-04,326 - Togiak,Togiak Drift,,,,,,,,2018-09-04,2018
2018-09-04,326 - Togiak,Togiak Set,16,0,163,1517,0,4,1684,2018-09-04,2018
2018-09-03,326 - Togiak,Togiak Set,6,0,61,535,0,0,596,2018-09-03,2018
2018-08-31,326 - Togiak,Togiak Set,5,0,219,765,3,0,987,2018-08-31,2018
2018-08-30,326 - Togiak,Togiak Drift,,,,,,,,2018-08-30,2018
2018-08-30,326 - Togiak,Togiak Set,16,1,231,1512,4,1,1749,2018-08-30,2018
2018-08-29,326 - Togiak,Togiak Drift,4,0,156,955,0,0,1111,2018-08-29,2018
2018-08-29,326 - Togiak,Togiak Set,29,0,355,2552,19,13,2939,2018-08-29,2018
2018-08-28,326 - Togiak,Togiak Drift,,,,,,,,2018-08-28,2018
2018-08-28,326 - Togiak,Togiak Set,21,0,498,1419,4,3,1924,2018-08-28,2018
2018-08-27,326 - Togiak,Togiak Drift,3,1,92,963,0,4,1060,2018-08-27,2018
2018-08-27,326 - Togiak,Togiak Set,15,0,442,1060,6,8,1516,2018-08-27,2018
2018-08-24,325 - Nushagak,Nushagak Set,,,,,,,,2018-08-24,2018
2018-08-24,326 - Togiak,Togiak Drift,,,,,,,,2018-08-24,2018
2018-08-24,326 - Togiak,Togiak Set,9,1,205,650,1,7,864,2018-08-24,2018
2018-08-23,322 - Egegik,32200 - Egegik Drift,,,,,,,,2018-08-23,2018
2018-08-23,322 - Egegik,Egegik Set,,,,,,,,2018-08-23,2018
2018-08-23,325 - Nushagak,Nushagak Set,,,,,,,,2018-08-23,2018
2018-08-23,326 - Togiak,Togiak Drift,5,0,331,1871,0,4,2206,2018-08-23,2018
2018-08-23,326 - Togiak,Togiak Set,33,3,864,2633,21,30,3551,2018-08-23,2018
2018-08-22,322 - Egegik,32200 - Egegik Drift,,,,,,,,2018-08-22,2018
2018-08-22,322 - Egegik,Egegik Set,,,,,,,,2018-08-22,2018
2018-08-22,325 - Nushagak,32500 - Nushagak Drift,,,,,,,,2018-08-22,2018
2018-08-22,325 - Nushagak,Nushagak Set,,,,,,,,2018-08-22,2018
2018-08-22,326 - Togiak,Togiak Drift,5,1,181,583,8,5,778,2018-08-22,2018
2018-08-22,326 - Togiak,Togiak Set,34,3,1163,2382,50,72,3670,2018-08-22,2018
2018-08-21,322 - Egegik,32200 - Egegik Drift,,,,,,,,2018-08-21,2018
2018-08-21,322 - Egegik,Egegik Set,,,,,,,,2018-08-21,2018
2018-08-21,325 - Nushagak,32500 - Nushagak Drift,,,,,,,,2018-08-21,2018
2018-08-21,325 - Nushagak,Nushagak Set,,,,,,,,2018-08-21,2018
2018-08-21,326 - Togiak,Togiak Drift,7,0,208,1204,7,7,1426,2018-08-21,2018
2018-08-21,326 - Togiak,Togiak Set,27,0,1355,1344,35,20,2754,2018-08-21,2018
2018-08-20,322 - Egegik,32200 - Egegik Drift,,,,,,,,2018-08-20,2018
2018-08-20,322 - Egegik,Egegik Set,,,,,,,,2018-08-20,2018
2018-08-20,325 - Nushagak,Nushagak Set,,,,,,,,2018-08-20,2018
2018-08-20,326 - Togiak,Togiak Drift,4,0,270,1130,0,7,1407,2018-08-20,2018
2018-08-20,326 - Togiak,Togiak Set,18,0,318,657,7,7,989,2018-08-20,2018
2018-08-19,325 - Nushagak,Nushagak Set,,,,,,,,2018-08-19,2018
2018-08-19,326 - Togiak,Togiak Drift,,,,,,,,2018-08-19,2018
2018-08-19,326 - Togiak,Togiak Set,3,0,411,168,4,3,586,2018-08-19,2018
2018-08-18,325 - Nushagak,Nushagak Set,,,,,,,,2018-08-18,2018
2018-08-18,326 - Togiak,Togiak Set,5,0,407,154,7,5,573,2018-08-18,2018
2018-08-17,324 - Naknek-Kvichak,Naknek-Kvichak Set,,,,,,,,2018-08-17,2018
2018-08-17,325 - Nushagak,32500 - Nushagak Drift,,,,,,,,2018-08-17,2018
2018-08-17,325 - Nushagak,Nushagak Set,,,,,,,,2018-08-17,2018
2018-08-17,326 - Togiak,Togiak Drift,4,0,1039,770,75,26,1910,2018-08-17,2018
2018-08-17,326 - Togiak,Togiak Set,29,0,1790,747,130,63,2730,2018-08-17,2018
2018-08-16,322 - Egegik,32200 - Egegik Drift,,,,,,,,2018-08-16,2018
2018-08-16,322 - Egegik,Egegik Set,,,,,,,,2018-08-16,2018
2018-08-16,324 - Naknek-Kvichak,32400 - Naknek-Kvichak Drift,,,,,,,,2018-08-16,2018
2018-08-16,325 - Nushagak,32500 - Nushagak Drift,,,,,,,,2018-08-16,2018
2018-08-16,325 - Nushagak,Nushagak Set,,,,,,,,2018-08-16,2018
2018-08-16,326 - Togiak,Togiak Drift,11,1,1961,965,121,49,3097,2018-08-16,2018
2018-08-16,326 - Togiak,Togiak Set,45,3,4268,974,205,81,5531,2018-08-16,2018
2018-08-15,322 - Egegik,32200 - Egegik Drift,,,,,,,,2018-08-15,2018
2018-08-15,322 - Egegik,Egegik Set,,,,,,,,2018-08-15,2018
2018-08-15,324 - Naknek-Kvichak,32400 - Naknek-Kvichak Drift,,,,,,,,2018-08-15,2018
2018-08-15,324 - Naknek-Kvichak,Naknek-Kvichak Set,,,,,,,,2018-08-15,2018
2018-08-15,325 - Nushagak,32500 - Nushagak Drift,,,,,,,,2018-08-15,2018
2018-08-15,325 - Nushagak,Nushagak Set,,,,,,,,2018-08-15,2018
2018-08-15,326 - Togiak,Togiak Drift,3,0,860,191,13,22,1086,2018-08-15,2018
2018-08-15,326 - Togiak,Togiak Set,63,2,5245,1142,262,57,6708,2018-08-15,2018
2018-08-14,322 - Egegik,32200 - Egegik Drift,,,,,,,,2018-08-14,2018
2018-08-14,322 - Egegik,Egegik Set,,,,,,,,2018-08-14,2018
2018-08-14,324 - Naknek-Kvichak,Naknek-Kvichak Set,,,,,,,,2018-08-14,2018
2018-08-14,326 - Togiak,Togiak Drift,4,0,201,57,16,5,279,2018-08-14,2018
2018-08-14,326 - Togiak,Togiak Set,26,3,2033,507,111,25,2679,2018-08-14,2018
2018-08-13,324 - Naknek-Kvichak,Naknek-Kvichak Set,,,,,,,,2018-08-13,2018
2018-08-13,326 - Togiak,Togiak Set,,,,,,,,2018-08-13,2018
2018-08-12,325 - Nushagak,Nushagak Set,,,,,,,,2018-08-12,2018
2018-08-11,325 - Nushagak,32500 - Nushagak Drift,,,,,,,,2018-08-11,2018
2018-08-11,325 - Nushagak,Nushagak Set,,,,,,,,2018-08-11,2018
2018-08-11,326 - Togiak,Togiak Drift,5,0,736,268,97,19,1120,2018-08-11,2018
2018-08-11,326 - Togiak,Togiak Set,37,1,4240,545,303,84,5173,2018-08-11,2018
2018-08-10,322 - Egegik,32200 - Egegik Drift,,,,,,,,2018-08-10,2018
2018-08-10,322 - Egegik,Egegik Set,,,,,,,,2018-08-10,2018
2018-08-10,324 - Naknek-Kvichak,32400 - Naknek-Kvichak Drift,,,,,,,,2018-08-10,2018
2018-08-10,324 - Naknek-Kvichak,Naknek-Kvichak Set,,,,,,,,2018-08-10,2018
2018-08-10,325 - Nushagak,32500 - Nushagak Drift,,,,,,,,2018-08-10,2018
2018-08-10,325 - Nushagak,Nushagak Set,,,,,,,,2018-08-10,2018
2018-08-10,326 - Togiak,Togiak Drift,25,3,7198,1041,977,166,9385,2018-08-10,2018
2018-08-10,326 - Togiak,Togiak Set,66,3,8969,946,652,160,10730,2018-08-10,2018
2018-08-09,322 - Egegik,32200 - Egegik Drift,,,,,,,,2018-08-09,2018
2018-08-09,322 - Egegik,Egegik Set,,,,,,,,2018-08-09,2018
2018-08-09,324 - Naknek-Kvichak,32400 - Naknek-Kvichak Drift,,,,,,,,2018-08-09,2018
2018-08-09,324 - Naknek-Kvichak,Naknek-Kvichak Set,,,,,,,,2018-08-09,2018
2018-08-09,325 - Nushagak,32500 - Nushagak Drift,,,,,,,,2018-08-09,2018
2018-08-09,325 - Nushagak,Nushagak Set,,,,,,,,2018-08-09,2018
2018-08-09,326 - Togiak,Togiak Drift,67,2,10118,820,1137,212,12289,2018-08-09,2018
2018-08-09,326 - Togiak,Togiak Set,88,1,11383,852,1259,243,13738,2018-08-09,2018
2018-08-08,322 - Egegik,32200 - Egegik Drift,,,,,,,,2018-08-08,2018
2018-08-08,322 - Egegik,Egegik Set,,,,,,,,2018-08-08,2018
2018-08-08,324 - Naknek-Kvichak,32400 - Naknek-Kvichak Drift,,,,,,,,2018-08-08,2018
2018-08-08,324 - Naknek-Kvichak,Naknek-Kvichak Set,,,,,,,,2018-08-08,2018
2018-08-08,325 - Nushagak,32500 - Nushagak Drift,,,,,,,,2018-08-08,2018
2018-08-08,325 - Nushagak,Nushagak Set,,,,,,,,2018-08-08,2018
2018-08-08,326 - Togiak,Togiak Drift,32,2,15511,805,2085,315,18718,2018-08-08,2018
2018-08-08,326 - Togiak,Togiak Set,73,1,9429,363,1262,193,11248,2018-08-08,2018
2018-08-07,322 - Egegik,32200 - Egegik Drift,,,,,,,,2018-08-07,2018
2018-08-07,322 - Egegik,Egegik Set,,,,,,,,2018-08-07,2018
2018-08-07,324 - Naknek-Kvichak,32400 - Naknek-Kvichak Drift,,,,,,,,2018-08-07,2018
2018-08-07,324 - Naknek-Kvichak,Naknek-Kvichak Set,,,,,,,,2018-08-07,2018
2018-08-07,325 - Nushagak,32500 - Nushagak Drift,,,,,,,,2018-08-07,2018
2018-08-07,325 - Nushagak,32510 - Igushik Section 10,,,,,,,,2018-08-07,2018
2018-08-07,325 - Nushagak,Nushagak Set,,,,,,,,2018-08-07,2018
2018-08-07,326 - Togiak,Togiak Drift,48,2,15141,840,2601,416,19000,2018-08-07,2018
2018-08-07,326 - Togiak,Togiak Set,103,4,11748,342,1839,305,14238,2018-08-07,2018
2018-08-06,322 - Egegik,32200 - Egegik Drift,,,,,,,,2018-08-06,2018
2018-08-06,322 - Egegik,Egegik Set,,,,,,,,2018-08-06,2018
2018-08-06,324 - Naknek-Kvichak,32400 - Naknek-Kvichak Drift,,,,,,,,2018-08-06,2018
2018-08-06,324 - Naknek-Kvichak,Naknek-Kvichak Set,,,,,,,,2018-08-06,2018
2018-08-06,325 - Nushagak,32500 - Nushagak Drift,,,,,,,,2018-08-06,2018
2018-08-06,325 - Nushagak,Nushagak Set,,,,,,,,2018-08-06,2018
2018-08-06,326 - Togiak,Togiak Drift,21,3,7191,371,1628,262,9455,2018-08-06,2018
2018-08-06,326 - Togiak,Togiak Set,58,1,6261,238,950,216,7666,2018-08-06,2018
2018-08-05,321 - Ugashik,32100 - Ugashik Drift,,,,,,,,2018-08-05,2018
2018-08-05,325 - Nushagak,32500 - Nushagak Drift,17,11,500,3678,1900,109,6198,2018-08-05,2018
2018-08-05,325 - Nushagak,Nushagak Set,,,,,,,,2018-08-05,2018
2018-08-05,326 - Togiak,Togiak Drift,12,3,4972,64,891,129,6059,2018-08-05,2018
2018-08-05,326 - Togiak,Togiak Set,28,3,4762,24,695,66,5550,2018-08-05,2018
2018-08-04,321 - Ugashik,32100 - Ugashik Drift,,,,,,,,2018-08-04,2018
2018-08-04,321 - Ugashik,Ugashik Set,,,,,,,,2018-08-04,2018
2018-08-04,325 - Nushagak,32500 - Nushagak Drift,31,1,3004,2429,7398,121,12953,2018-08-04,2018
2018-08-04,325 - Nushagak,Nushagak Set,,,,,,,,2018-08-04,2018
2018-08-04,326 - Togiak,Togiak Drift,36,4,17150,289,3353,626,21422,2018-08-04,2018
2018-08-04,326 - Togiak,Togiak Set,107,6,16564,81,2803,453,19907,2018-08-04,2018
2018-08-03,321 - Ugashik,32100 - Ugashik Drift,,,,,,,,2018-08-03,2018
2018-08-03,322 - Egegik,32200 - Egegik Drift,,,,,,,,2018-08-03,2018
2018-08-03,324 - Naknek-Kvichak,32400 - Naknek-Kvichak Drift,,,,,,,,2018-08-03,2018
2018-08-03,324 - Naknek-Kvichak,Naknek-Kvichak Set,,,,,,,,2018-08-03,2018
2018-08-03,325 - Nushagak,32500 - Nushagak Drift,31,2,2528,598,7532,130,10790,2018-08-03,2018
2018-08-03,325 - Nushagak,Nushagak Set,,,,,,,,2018-08-03,2018
2018-08-03,326 - Togiak,Togiak Drift,38,9,20035,182,4712,1144,26082,2018-08-03,2018
2018-08-03,326 - Togiak,Togiak Set,130,8,17752,60,4137,476,22433,2018-08-03,2018
2018-08-02,321 - Ugashik,32100 - Ugashik Drift,,,,,,,,2018-08-02,2018
2018-08-02,321 - Ugashik,Ugashik Set,,,,,,,,2018-08-02,2018
2018-08-02,322 - Egegik,32200 - Egegik Drift,,,,,,,,2018-08-02,2018
2018-08-02,322 - Egegik,Egegik Set,,,,,,,,2018-08-02,2018
2018-08-02,324 - Naknek-Kvichak,32400 - Naknek-Kvichak Drift,36,17,13618,154,840,562,15191,2018-08-02,2018
2018-08-02,324 - Naknek-Kvichak,Naknek-Kvichak Set,,,,,,,,2018-08-02,2018
2018-08-02,325 - Nushagak,32500 - Nushagak Drift,28,2,2170,1132,3145,109,6558,2018-08-02,2018
2018-08-02,325 - Nushagak,Nushagak Set,,,,,,,,2018-08-02,2018
2018-08-02,326 - Togiak,Togiak Drift,45,14,21082,172,4746,1057,27071,2018-08-02,2018
2018-08-02,326 - Togiak,Togiak Set,133,7,21930,54,3359,468,25818,2018-08-02,2018
2018-08-01,322 - Egegik,32200 - Egegik Drift,,,,,,,,2018-08-01,2018
2018-08-01,322 - Egegik,Egegik Set,,,,,,,,2018-08-01,2018
2018-08-01,324 - Naknek-Kvichak,32400 - Naknek-Kvichak Drift,63,1,18518,181,398,1429,20527,2018-08-01,2018
2018-08-01,324 - Naknek-Kvichak,Naknek-Kvichak Set,88,12,13866,131,1611,246,15866,2018-08-01,2018
2018-08-01,325 - Nushagak,32500 - Nushagak Drift,55,1,3140,1620,7020,71,11852,2018-08-01,2018
2018-08-01,325 - Nushagak,Nushagak Set,,,,,,,,2018-08-01,2018
2018-08-01,326 - Togiak,Togiak Drift,43,16,17734,48,3875,1259,22932,2018-08-01,2018
2018-08-01,326 - Togiak,Togiak Set,112,5,14987,31,1294,257,16574,2018-08-01,2018
2018-07-31,321 - Ugashik,32100 - Ugashik Drift,33,0,22072,0,0,0,22072,2018-07-31,2018
2018-07-31,321 - Ugashik,Ugashik Set,,,,,,,,2018-07-31,2018
2018-07-31,322 - Egegik,32200 - Egegik Drift,,,,,,,,2018-07-31,2018
2018-07-31,322 - Egegik,Egegik Set,,,,,,,,2018-07-31,2018
2018-07-31,324 - Naknek-Kvichak,32400 - Naknek-Kvichak Drift,83,4,35903,524,589,2458,39478,2018-07-31,2018
2018-07-31,324 - Naknek-Kvichak,Naknek-Kvichak Set,80,6,12809,74,1439,122,14450,2018-07-31,2018
2018-07-31,325 - Nushagak,32500 - Nushagak Drift,,,,,,,,2018-07-31,2018
2018-07-31,325 - Nushagak,Nushagak Set,,,,,,,,2018-07-31,2018
2018-07-31,326 - Togiak,Togiak Drift,37,15,17192,39,3979,1308,22533,2018-07-31,2018
2018-07-31,326 - Togiak,Togiak Set,124,8,20151,14,3393,761,24327,2018-07-31,2018
2018-07-30,321 - Ugashik,32100 - Ugashik Drift,29,0,19285,0,0,0,19285,2018-07-30,2018
2018-07-30,321 - Ugashik,Ugashik Set,,,,,,,,2018-07-30,2018
2018-07-30,322 - Egegik,32200 - Egegik Drift,32,1,17673,27,0,3,17704,2018-07-30,2018
2018-07-30,322 - Egegik,Egegik Set,,,,,,,,2018-07-30,2018
2018-07-30,324 - Naknek-Kvichak,32400 - Naknek-Kvichak Drift,70,0,34882,13,125,1478,36498,2018-07-30,2018
2018-07-30,324 - Naknek-Kvichak,Naknek-Kvichak Set,88,13,19852,132,1090,644,21731,2018-07-30,2018
2018-07-30,326 - Togiak,Togiak Drift,32,7,13429,3,1632,967,16038,2018-07-30,2018
2018-07-30,326 - Togiak,Togiak Set,79,4,9381,22,1274,379,11060,2018-07-30,2018
2018-07-29,321 - Ugashik,32100 - Ugashik Drift,44,1,35489,0,0,0,35490,2018-07-29,2018
2018-07-29,321 - Ugashik,Ugashik Set,,,,,,,,2018-07-29,2018
2018-07-29,322 - Egegik,32200 - Egegik Drift,,,,,,,,2018-07-29,2018
2018-07-29,322 - Egegik,Egegik Set,,,,,,,,2018-07-29,2018
2018-07-29,324 - Naknek-Kvichak,32400 - Naknek-Kvichak Drift,130,11,61367,14,75,1253,62720,2018-07-29,2018
2018-07-29,324 - Naknek-Kvichak,Naknek-Kvichak Set,106,20,26716,69,470,55,27330,2018-07-29,2018
2018-07-29,325 - Nushagak,32510 - Igushik Section 10,,,,,,,,2018-07-29,2018
2018-07-29,325 - Nushagak,Nushagak Set,,,,,,,,2018-07-29,2018
2018-07-29,326 - Togiak,Togiak Drift,6,3,1497,1,127,73,1701,2018-07-29,2018
2018-07-29,326 - Togiak,Togiak Set,16,2,4355,0,207,59,4623,2018-07-29,2018
2018-07-28,321 - Ugashik,32100 - Ugashik Drift,39,0,34712,0,0,3,34715,2018-07-28,2018
2018-07-28,321 - Ugashik,Ugashik Set,,,,,,,,2018-07-28,2018
2018-07-28,322 - Egegik,32200 - Egegik Drift,31,0,17879,0,0,0,17879,2018-07-28,2018
2018-07-28,322 - Egegik,Egegik Set,,,,,,,,2018-07-28,2018
2018-07-28,324 - Naknek-Kvichak,32400 - Naknek-Kvichak Drift,185,6,79854,29,0,460,80349,2018-07-28,2018
2018-07-28,324 - Naknek-Kvichak,Naknek-Kvichak Set,105,18,21140,5,169,44,21376,2018-07-28,2018
2018-07-28,325 - Nushagak,32510 - Igushik Section 10,,,,,,,,2018-07-28,2018
2018-07-28,325 - Nushagak,Nushagak Set,,,,,,,,2018-07-28,2018
2018-07-28,326 - Togiak,Togiak Drift,32,12,13869,6,1439,1220,16546,2018-07-28,2018
2018-07-28,326 - Togiak,Togiak Set,61,8,9567,1,778,388,10742,2018-07-28,2018
2018-07-27,321 - Ugashik,32100 - Ugashik Drift,58,0,31953,0,0,18,31971,2018-07-27,2018
2018-07-27,321 - Ugashik,Ugashik Set,,,,,,,,2018-07-27,2018
2018-07-27,322 - Egegik,32200 - Egegik Drift,45,0,35064,0,0,0,35064,2018-07-27,2018
2018-07-27,322 - Egegik,Egegik Set,,,,,,,,2018-07-27,2018
2018-07-27,324 - Naknek-Kvichak,32400 - Naknek-Kvichak Drift,293,10,154020,138,135,3678,157981,2018-07-27,2018
2018-07-27,324 - Naknek-Kvichak,Naknek-Kvichak Set,143,26,27432,23,69,65,27615,2018-07-27,2018
2018-07-27,325 - Nushagak,32510 - Igushik Section 10,,,,,,,,2018-07-27,2018
2018-07-27,325 - Nushagak,Nushagak Set,,,,,,,,2018-07-27,2018
2018-07-27,326 - Togiak,Togiak Drift,38,22,17937,10,1081,1379,20429,2018-07-27,2018
2018-07-27,326 - Togiak,Togiak Set,85,26,11495,3,1025,505,13054,2018-07-27,2018
2018-07-26,321 - Ugashik,32100 - Ugashik Drift,122,2,68838,0,0,0,68840,2018-07-26,2018
2018-07-26,321 - Ugashik,Ugashik Set,15,0,3079,0,0,0,3079,2018-07-26,2018
2018-07-26,322 - Egegik,32200 - Egegik Drift,30,0,26888,8,0,0,26896,2018-07-26,2018
2018-07-26,322 - Egegik,Egegik Set,93,1,16847,3,0,0,16851,2018-07-26,2018
2018-07-26,324 - Naknek-Kvichak,32400 - Naknek-Kvichak Drift,331,8,246466,104,0,953,247531,2018-07-26,2018
2018-07-26,324 - Naknek-Kvichak,Naknek-Kvichak Set,155,28,36460,13,32,79,36612,2018-07-26,2018
2018-07-26,325 - Nushagak,32500 - Nushagak Drift,73,0,31459,1799,203,1751,35212,2018-07-26,2018
2018-07-26,325 - Nushagak,Nushagak Set,125,29,26940,1374,1385,214,29942,2018-07-26,2018
2018-07-26,326 - Togiak,Togiak Drift,51,21,14403,5,903,2246,17578,2018-07-26,2018
2018-07-26,326 - Togiak,Togiak Set,106,12,13340,1,434,969,14756,2018-07-26,2018
2018-07-25,321 - Ugashik,32100 - Ugashik Drift,161,1,111233,0,0,0,111234,2018-07-25,2018
2018-07-25,321 - Ugashik,Ugashik Set,21,4,3742,0,0,0,3746,2018-07-25,2018
2018-07-25,322 - Egegik,32200 - Egegik Drift,29,0,21243,0,0,0,21243,2018-07-25,2018
2018-07-25,322 - Egegik,Egegik Set,,,,,,,,2018-07-25,2018
2018-07-25,324 - Naknek-Kvichak,32400 - Naknek-Kvichak Drift,358,8,298587,0,0,101,298696,2018-07-25,2018
2018-07-25,324 - Naknek-Kvichak,Naknek-Kvichak Set,153,26,28977,6,18,65,29092,2018-07-25,2018
2018-07-25,325 - Nushagak,32500 - Nushagak Drift,79,3,45066,1951,920,2118,50058,2018-07-25,2018
2018-07-25,325 - Nushagak,32541 - WRSHA Set,,,,,,,,2018-07-25,2018
2018-07-25,325 - Nushagak,Nushagak Set,175,26,31263,349,3590,334,35562,2018-07-25,2018
2018-07-25,326 - Togiak,Togiak Drift,60,27,17900,3,1436,4433,23799,2018-07-25,2018
2018-07-25,326 - Togiak,Togiak Set,107,26,12440,1,562,1787,14816,2018-07-25,2018
2018-07-24,321 - Ugashik,32100 - Ugashik Drift,164,0,127630,0,0,0,127630,2018-07-24,2018
2018-07-24,321 - Ugashik,Ugashik Set,,,,,,,,2018-07-24,2018
2018-07-24,322 - Egegik,32200 - Egegik Drift,54,0,23205,0,0,0,23205,2018-07-24,2018
2018-07-24,322 - Egegik,Egegik Set,88,0,6053,0,0,0,6053,2018-07-24,2018
2018-07-24,324 - Naknek-Kvichak,32400 - Naknek-Kvichak Drift,297,14,232601,0,0,57,232672,2018-07-24,2018
2018-07-24,324 - Naknek-Kvichak,Naknek-Kvichak Set,144,28,26689,9,5,25,26756,2018-07-24,2018
2018-07-24,325 - Nushagak,32500 - Nushagak Drift,103,7,52747,509,420,2461,56144,2018-07-24,2018
2018-07-24,325 - Nushagak,32541 - WRSHA Set,,,,,,,,2018-07-24,2018
2018-07-24,325 - Nushagak,Nushagak Set,178,11,33208,450,1717,353,35739,2018-07-24,2018
2018-07-24,326 - Togiak,Togiak Drift,67,33,18956,6,726,4662,24383,2018-07-24,2018
2018-07-24,326 - Togiak,Togiak Set,122,22,13613,0,258,2304,16197,2018-07-24,2018
2018-07-23,321 - Ugashik,32100 - Ugashik Drift,126,0,110195,0,0,0,110195,2018-07-23,2018
2018-07-23,321 - Ugashik,Ugashik Set,35,3,6330,0,0,0,6333,2018-07-23,2018
2018-07-23,322 - Egegik,32200 - Egegik Drift,81,1,26577,0,0,8,26586,2018-07-23,2018
2018-07-23,322 - Egegik,Egegik Set,138,0,11400,0,0,0,11400,2018-07-23,2018
2018-07-23,324 - Naknek-Kvichak,32400 - Naknek-Kvichak Drift,377,11,125360,0,0,0,125371,2018-07-23,2018
2018-07-23,324 - Naknek-Kvichak,Naknek-Kvichak Set,104,10,12450,0,0,1,12461,2018-07-23,2018
2018-07-23,325 - Nushagak,32500 - Nushagak Drift,135,21,66544,745,286,2997,70593,2018-07-23,2018
2018-07-23,325 - Nushagak,32541 - WRSHA Set,,,,,,,,2018-07-23,2018
2018-07-23,325 - Nushagak,Nushagak Set,176,34,43840,665,1274,573,46386,2018-07-23,2018
2018-07-23,326 - Togiak,Togiak Drift,29,11,6763,0,176,1179,8129,2018-07-23,2018
2018-07-23,326 - Togiak,Togiak Set,81,15,10196,0,147,2225,12583,2018-07-23,2018
2018-07-22,321 - Ugashik,32100 - Ugashik Drift,125,0,133562,0,0,0,133562,2018-07-22,2018
2018-07-22,321 - Ugashik,Ugashik Set,,,,,,,,2018-07-22,2018
2018-07-22,322 - Egegik,32200 - Egegik Drift,98,1,51867,0,0,5,51873,2018-07-22,2018
2018-07-22,322 - Egegik,Egegik Set,169,1,26552,0,0,0,26553,2018-07-22,2018
2018-07-22,324 - Naknek-Kvichak,32400 - Naknek-Kvichak Drift,551,11,253129,0,0,0,253140,2018-07-22,2018
2018-07-22,324 - Naknek-Kvichak,Naknek-Kvichak Set,165,21,36265,0,2,0,36288,2018-07-22,2018
2018-07-22,325 - Nushagak,32500 - Nushagak Drift,194,17,99448,461,146,4907,104979,2018-07-22,2018
2018-07-22,325 - Nushagak,32541 - WRSHA Set,,,,,,,,2018-07-22,2018
2018-07-22,325 - Nushagak,Nushagak Set,180,12,47579,339,832,561,49323,2018-07-22,2018
2018-07-22,326 - Togiak,Togiak Drift,8,37,2389,0,3,120,2549,2018-07-22,2018
2018-07-22,326 - Togiak,Togiak Set,26,6,3908,0,39,283,4236,2018-07-22,2018
2018-07-21,321 - Ugashik,32100 - Ugashik Drift,158,1,135168,0,0,0,135169,2018-07-21,2018
2018-07-21,321 - Ugashik,Ugashik Set,,,,,,,,2018-07-21,2018
2018-07-21,322 - Egegik,32200 - Egegik Drift,94,0,79815,0,0,0,79815,2018-07-21,2018
2018-07-21,322 - Egegik,Egegik Set,201,0,33142,0,0,0,33142,2018-07-21,2018
2018-07-21,324 - Naknek-Kvichak,32400 - Naknek-Kvichak Drift,564,5,380580,0,0,0,380585,2018-07-21,2018
2018-07-21,324 - Naknek-Kvichak,Naknek-Kvichak Set,235,21,40000,0,0,2,40023,2018-07-21,2018
2018-07-21,325 - Nushagak,32500 - Nushagak Drift,250,13,171157,312,30,4783,176295,2018-07-21,2018
2018-07-21,325 - Nushagak,32541 - WRSHA Set,,,,,,,,2018-07-21,2018
2018-07-21,325 - Nushagak,Nushagak Set,211,28,77114,617,296,1250,79305,2018-07-21,2018
2018-07-21,326 - Togiak,Togiak Drift,40,18,14703,0,293,3038,18052,2018-07-21,2018
2018-07-21,326 - Togiak,Togiak Set,104,19,13866,0,63,1383,15331,2018-07-21,2018
2018-07-20,321 - Ugashik,32100 - Ugashik Drift,182,1,169730,0,0,0,169731,2018-07-20,2018
2018-07-20,321 - Ugashik,Ugashik Set,,,,,,,,2018-07-20,2018
2018-07-20,322 - Egegik,32200 - Egegik Drift,119,0,79355,0,0,0,79355,2018-07-20,2018
2018-07-20,322 - Egegik,Egegik Set,225,1,31105,0,0,0,31106,2018-07-20,2018
2018-07-20,324 - Naknek-Kvichak,32400 - Naknek-Kvichak Drift,716,12,347955,0,0,0,347967,2018-07-20,2018
2018-07-20,324 - Naknek-Kvichak,Naknek-Kvichak Set,234,15,27606,0,0,0,27621,2018-07-20,2018
2018-07-20,325 - Nushagak,32500 - Nushagak Drift,347,18,322175,40,7,9074,331314,2018-07-20,2018
2018-07-20,325 - Nushagak,32541 - WRSHA Set,,,,,,,,2018-07-20,2018
2018-07-20,325 - Nushagak,Nushagak Set,257,47,104580,219,363,1164,106373,2018-07-20,2018
2018-07-20,326 - Togiak,Togiak Drift,61,27,16173,1,104,7029,23334,2018-07-20,2018
2018-07-20,326 - Togiak,Togiak Set,97,120,12639,0,65,3239,16063,2018-07-20,2018
2018-07-19,321 - Ugashik,32100 - Ugashik Drift,198,2,207506,0,0,0,207508,2018-07-19,2018
2018-07-19,321 - Ugashik,Ugashik Set,,,,,,,,2018-07-19,2018
2018-07-19,322 - Egegik,32200 - Egegik Drift,146,0,85234,0,0,0,85234,2018-07-19,2018
2018-07-19,322 - Egegik,Egegik Set,233,0,27924,0,0,0,27924,2018-07-19,2018
2018-07-19,324 - Naknek-Kvichak,32400 - Naknek-Kvichak Drift,823,5,582803,0,0,0,582808,2018-07-19,2018
2018-07-19,324 - Naknek-Kvichak,Naknek-Kvichak Set,269,14,40141,0,2,0,40157,2018-07-19,2018
2018-07-19,325 - Nushagak,32500 - Nushagak Drift,314,20,251585,4,13,8854,260476,2018-07-19,2018
2018-07-19,325 - Nushagak,32541 - WRSHA Set,,,,,,,,2018-07-19,2018
2018-07-19,325 - Nushagak,Nushagak Set,286,49,62070,39,205,807,63170,2018-07-19,2018
2018-07-19,326 - Togiak,Togiak Drift,64,65,14544,0,98,5567,20274,2018-07-19,2018
2018-07-19,326 - Togiak,Togiak Set,131,170,12236,1,101,2080,14588,2018-07-19,2018
2018-07-18,321 - Ugashik,32100 - Ugashik Drift,164,1,171952,0,0,0,171953,2018-07-18,2018
2018-07-18,321 - Ugashik,Ugashik Set,,,,,,,,2018-07-18,2018
2018-07-18,322 - Egegik,32200 - Egegik Drift,209,0,115881,0,0,0,115881,2018-07-18,2018
2018-07-18,322 - Egegik,Egegik Set,247,1,21044,0,0,0,21045,2018-07-18,2018
2018-07-18,324 - Naknek-Kvichak,32400 - Naknek-Kvichak Drift,683,15,399738,0,0,0,399753,2018-07-18,2018
2018-07-18,324 - Naknek-Kvichak,Naknek-Kvichak Set,258,14,25863,0,0,2,25879,2018-07-18,2018
2018-07-18,325 - Nushagak,32500 - Nushagak Drift,409,34,263689,1,5,7258,270987,2018-07-18,2018
2018-07-18,325 - Nushagak,32541 - WRSHA Set,,,,,,,,2018-07-18,2018
2018-07-18,325 - Nushagak,Nushagak Set,353,37,90987,30,145,804,92003,2018-07-18,2018
2018-07-18,326 - Togiak,Togiak Drift,72,64,16554,0,55,9810,26483,2018-07-18,2018
2018-07-18,326 - Togiak,Togiak Set,151,51,16754,0,50,3603,20458,2018-07-18,2018
2018-07-17,321 - Ugashik,32100 - Ugashik Drift,194,3,220651,0,0,0,220654,2018-07-17,2018
2018-07-17,321 - Ugashik,Ugashik Set,,,,,,,,2018-07-17,2018
2018-07-17,322 - Egegik,32200 - Egegik Drift,312,1,297086,0,0,0,297087,2018-07-17,2018
2018-07-17,322 - Egegik,Egegik Set,280,2,25130,0,0,3,25135,2018-07-17,2018
2018-07-17,324 - Naknek-Kvichak,32400 - Naknek-Kvichak Drift,714,24,435072,0,0,0,435096,2018-07-17,2018
2018-07-17,324 - Naknek-Kvichak,Naknek-Kvichak Set,372,15,76861,0,0,1,76877,2018-07-17,2018
2018-07-17,325 - Nushagak,32500 - Nushagak Drift,518,33,457929,1,16,15900,473879,2018-07-17,2018
2018-07-17,325 - Nushagak,32541 - WRSHA Set,,,,,,,,2018-07-17,2018
2018-07-17,325 - Nushagak,Nushagak Set,401,32,117696,55,61,1438,119282,2018-07-17,2018
2018-07-17,326 - Togiak,Togiak Drift,70,67,16611,2,57,9758,26495,2018-07-17,2018
2018-07-17,326 - Togiak,Togiak Set,177,69,20656,0,66,5150,25941,2018-07-17,2018
2018-07-16,321 - Ugashik,32100 - Ugashik Drift,132,9,184288,0,0,0,184297,2018-07-16,2018
2018-07-16,321 - Ugashik,Ugashik Set,,,,,,,,2018-07-16,2018
2018-07-16,322 - Egegik,32200 - Egegik Drift,260,0,266287,0,0,2,266289,2018-07-16,2018
2018-07-16,322 - Egegik,Egegik Set,269,1,27785,0,0,4,27790,2018-07-16,2018
2018-07-16,324 - Naknek-Kvichak,32400 - Naknek-Kvichak Drift,563,8,656422,0,0,0,656430,2018-07-16,2018
2018-07-16,324 - Naknek-Kvichak,Naknek-Kvichak Set,389,17,113457,0,0,1,113475,2018-07-16,2018
2018-07-16,325 - Nushagak,32500 - Nushagak Drift,540,35,408590,3,1,9082,417711,2018-07-16,2018
2018-07-16,325 - Nushagak,32541 - WRSHA Set,,,,,,,,2018-07-16,2018
2018-07-16,325 - Nushagak,Nushagak Set,355,51,103371,146,43,1189,104800,2018-07-16,2018
2018-07-16,326 - Togiak,Togiak Drift,43,52,11900,0,46,6090,18088,2018-07-16,2018
2018-07-16,326 - Togiak,Togiak Set,111,43,10680,0,18,3803,14544,2018-07-16,2018
2018-07-15,321 - Ugashik,32100 - Ugashik Drift,79,6,110429,0,0,0,110435,2018-07-15,2018
2018-07-15,321 - Ugashik,Ugashik Set,,,,,,,,2018-07-15,2018
2018-07-15,322 - Egegik,32200 - Egegik Drift,324,3,184493,0,0,7,184503,2018-07-15,2018
2018-07-15,322 - Egegik,Egegik Set,401,0,69845,0,0,10,69855,2018-07-15,2018
2018-07-15,324 - Naknek-Kvichak,32400 - Naknek-Kvichak Drift,554,25,347781,0,0,0,347806,2018-07-15,2018
2018-07-15,324 - Naknek-Kvichak,Naknek-Kvichak Set,425,20,109808,0,0,0,109828,2018-07-15,2018
2018-07-15,325 - Nushagak,32500 - Nushagak Drift,618,49,285797,1,3,4402,290252,2018-07-15,2018
2018-07-15,325 - Nushagak,32541 - WRSHA Set,,,,,,,,2018-07-15,2018
2018-07-15,325 - Nushagak,Nushagak Set,327,55,93776,10,52,1136,95029,2018-07-15,2018
2018-07-14,321 - Ugashik,32100 - Ugashik Drift,88,2,55679,0,0,0,55681,2018-07-14,2018
2018-07-14,321 - Ugashik,Ugashik Set,,,,,,,,2018-07-14,2018
2018-07-14,322 - Egegik,32200 - Egegik Drift,361,6,254273,0,0,1,254280,2018-07-14,2018
2018-07-14,322 - Egegik,Egegik Set,250,3,54698,0,0,0,54701,2018-07-14,2018
2018-07-14,324 - Naknek-Kvichak,32400 - Naknek-Kvichak Drift,501,8,554854,0,0,0,554862,2018-07-14,2018
2018-07-14,324 - Naknek-Kvichak,Naknek-Kvichak Set,617,49,240964,0,0,6,241019,2018-07-14,2018
2018-07-14,325 - Nushagak,32500 - Nushagak Drift,840,46,407409,0,1,14549,422005,2018-07-14,2018
2018-07-14,325 - Nushagak,32541 - WRSHA Set,,,,,,,,2018-07-14,2018
2018-07-14,325 - Nushagak,Nushagak Set,345,36,110292,6,23,1313,111670,2018-07-14,2018
2018-07-14,326 - Togiak,Togiak Drift,21,35,8117,0,14,2577,10743,2018-07-14,2018
2018-07-14,326 - Togiak,Togiak Set,99,54,13100,0,17,1409,14580,2018-07-14,2018
2018-07-13,321 - Ugashik,32100 - Ugashik Drift,97,9,144030,0,0,0,144039,2018-07-13,2018
2018-07-13,321 - Ugashik,Ugashik Set,100,0,54748,0,0,0,54748,2018-07-13,2018
2018-07-13,322 - Egegik,32200 - Egegik Drift,188,1,127028,0,0,0,127029,2018-07-13,2018
2018-07-13,322 - Egegik,Egegik Set,199,1,40621,0,0,0,40622,2018-07-13,2018
2018-07-13,324 - Naknek-Kvichak,32425 - NRSHA Drift,515,24,231036,0,0,0,231060,2018-07-13,2018
2018-07-13,325 - Nushagak,32500 - Nushagak Drift,930,47,836870,1,0,25522,862440,2018-07-13,2018
2018-07-13,325 - Nushagak,32541 - WRSHA Set,,,,,,,,2018-07-13,2018
2018-07-13,325 - Nushagak,Nushagak Set,295,28,138186,4,11,1734,139963,2018-07-13,2018
2018-07-13,326 - Togiak,Togiak Drift,24,27,8106,0,0,1882,10015,2018-07-13,2018
2018-07-13,326 - Togiak,Togiak Set,80,59,9718,0,23,859,10659,2018-07-13,2018
2018-07-12,322 - Egegik,32200 - Egegik Drift,237,2,297461,0,0,6,297469,2018-07-12,2018
2018-07-12,322 - Egegik,Egegik Set,327,3,77020,0,0,8,77031,2018-07-12,2018
2018-07-12,324 - Naknek-Kvichak,32425 - NRSHA Drift,269,21,113935,0,0,0,113956,2018-07-12,2018
2018-07-12,324 - Naknek-Kvichak,Naknek-Kvichak Set,335,10,112764,0,0,0,112774,2018-07-12,2018
2018-07-12,325 - Nushagak,32500 - Nushagak Drift,977,53,713453,0,0,27852,741358,2018-07-12,2018
2018-07-12,325 - Nushagak,32541 - WRSHA Set,,,,,,,,2018-07-12,2018
2018-07-12,325 - Nushagak,Nushagak Set,434,50,182833,1,14,3887,186785,2018-07-12,2018
2018-07-12,326 - Togiak,Togiak Drift,55,113,16254,0,16,5222,21605,2018-07-12,2018
2018-07-12,326 - Togiak,Togiak Set,89,112,10682,0,11,1203,12008,2018-07-12,2018
2018-07-11,322 - Egegik,32200 - Egegik Drift,413,4,282079,0,0,6,282089,2018-07-11,2018
2018-07-11,322 - Egegik,Egegik Set,344,5,69535,0,0,0,69540,2018-07-11,2018
2018-07-11,324 - Naknek-Kvichak,32425 - NRSHA Drift,575,55,531253,0,0,0,531308,2018-07-11,2018
2018-07-11,324 - Naknek-Kvichak,Naknek-Kvichak Set,,,,,,,,2018-07-11,2018
2018-07-11,325 - Nushagak,32500 - Nushagak Drift,1156,62,1101993,0,0,41895,1143950,2018-07-11,2018
2018-07-11,325 - Nushagak,32541 - WRSHA Set,,,,,,,,2018-07-11,2018
2018-07-11,325 - Nushagak,Nushagak Set,450,60,179665,0,6,3424,183155,2018-07-11,2018
2018-07-11,326 - Togiak,Togiak Drift,20,53,6558,0,14,2402,9027,2018-07-11,2018
2018-07-11,326 - Togiak,Togiak Set,79,71,9344,0,14,1388,10817,2018-07-11,2018
2018-07-10,322 - Egegik,32200 - Egegik Drift,385,6,223127,0,0,0,223133,2018-07-10,2018
2018-07-10,322 - Egegik,Egegik Set,309,3,74367,0,0,0,74370,2018-07-10,2018
2018-07-10,324 - Naknek-Kvichak,32425 - NRSHA Drift,288,32,194110,0,0,0,194142,2018-07-10,2018
2018-07-10,324 - Naknek-Kvichak,Naknek-Kvichak Set,174,5,53336,0,0,0,53341,2018-07-10,2018
2018-07-10,325 - Nushagak,32500 - Nushagak Drift,1246,67,1173331,0,0,37034,1210432,2018-07-10,2018
2018-07-10,325 - Nushagak,32541 - WRSHA Set,,,,,,,,2018-07-10,2018
2018-07-10,325 - Nushagak,Nushagak Set,475,126,179109,0,1,2602,181838,2018-07-10,2018
2018-07-10,326 - Togiak,Togiak Drift,54,136,9827,0,1,4408,14372,2018-07-10,2018
2018-07-10,326 - Togiak,Togiak Set,93,72,6447,0,21,733,7273,2018-07-10,2018
2018-07-09,322 - Egegik,32200 - Egegik Drift,273,0,66811,0,0,0,66811,2018-07-09,2018
2018-07-09,322 - Egegik,Egegik Set,349,8,53203,0,0,2,53213,2018-07-09,2018
2018-07-09,324 - Naknek-Kvichak,32425 - NRSHA Drift,237,10,92408,0,0,0,92418,2018-07-09,2018
2018-07-09,324 - Naknek-Kvichak,Naknek-Kvichak Set,350,21,73444,0,0,0,73465,2018-07-09,2018
2018-07-09,325 - Nushagak,32500 - Nushagak Drift,784,107,712125,0,0,25507,737739,2018-07-09,2018
2018-07-09,325 - Nushagak,32541 - WRSHA Set,,,,,,,,2018-07-09,2018
2018-07-09,325 - Nushagak,Nushagak Set,367,121,112822,0,0,2183,115126,2018-07-09,2018
2018-07-09,326 - Togiak,Togiak Drift,32,83,5404,1,14,1703,7205,2018-07-09,2018
2018-07-09,326 - Togiak,Togiak Set,55,34,2600,0,3,490,3127,2018-07-09,2018
2018-07-08,322 - Egegik,32200 - Egegik Drift,262,2,46518,0,0,0,46520,2018-07-08,2018
2018-07-08,322 - Egegik,Egegik Set,196,3,12685,0,0,0,12688,2018-07-08,2018
2018-07-08,324 - Naknek-Kvichak,32425 - NRSHA Drift,459,18,151049,0,0,0,151067,2018-07-08,2018
2018-07-08,325 - Nushagak,32500 - Nushagak Drift,695,73,725712,0,0,37919,763704,2018-07-08,2018
2018-07-08,325 - Nushagak,32541 - WRSHA Set,,,,,,,,2018-07-08,2018
2018-07-08,325 - Nushagak,Nushagak Set,368,121,144879,1,5,2529,147535,2018-07-08,2018
2018-07-07,321 - Ugashik,32100 - Ugashik Drift,90,11,11373,0,0,0,11384,2018-07-07,2018
2018-07-07,322 - Egegik,32200 - Egegik Drift,309,0,71136,0,0,0,71136,2018-07-07,2018
2018-07-07,322 - Egegik,Egegik Set,322,7,36006,0,0,0,36013,2018-07-07,2018
2018-07-07,324 - Naknek-Kvichak,32400 - Naknek-Kvichak Drift,287,9,95059,0,0,0,95068,2018-07-07,2018
2018-07-07,324 - Naknek-Kvichak,Naknek-Kvichak Set,178,5,19104,0,0,0,19109,2018-07-07,2018
2018-07-07,325 - Nushagak,32500 - Nushagak Drift,862,168,671093,0,1,28466,699728,2018-07-07,2018
2018-07-07,325 - Nushagak,32541 - WRSHA Set,,,,,,,,2018-07-07,2018
2018-07-07,325 - Nushagak,Nushagak Set,377,248,110714,0,9,2160,113131,2018-07-07,2018
2018-07-07,326 - Togiak,Togiak Drift,13,38,1621,0,0,1655,3314,2018-07-07,2018
2018-07-07,326 - Togiak,Togiak Set,50,54,4024,0,6,1441,5525,2018-07-07,2018
2018-07-06,321 - Ugashik,32100 - Ugashik Drift,96,4,21876,0,0,0,21880,2018-07-06,2018
2018-07-06,321 - Ugashik,Ugashik Set,,,,,,,,2018-07-06,2018
2018-07-06,322 - Egegik,32200 - Egegik Drift,500,9,194498,0,0,0,194507,2018-07-06,2018
2018-07-06,322 - Egegik,Egegik Set,193,8,35135,0,0,0,35143,2018-07-06,2018
2018-07-06,324 - Naknek-Kvichak,32400 - Naknek-Kvichak Drift,444,7,173686,0,0,0,173693,2018-07-06,2018
2018-07-06,324 - Naknek-Kvichak,Naknek-Kvichak Set,229,33,36736,0,0,0,36769,2018-07-06,2018
2018-07-06,325 - Nushagak,32500 - Nushagak Drift,1140,279,904270,0,0,42333,946882,2018-07-06,2018
2018-07-06,325 - Nushagak,32541 - WRSHA Set,,,,,,,,2018-07-06,2018
2018-07-06,325 - Nushagak,Nushagak Set,510,234,138610,0,2,3843,142689,2018-07-06,2018
2018-07-06,326 - Togiak,Togiak Drift,32,99,3772,0,22,4448,8341,2018-07-06,2018
2018-07-06,326 - Togiak,Togiak Set,81,90,4505,0,16,1266,5877,2018-07-06,2018
2018-07-05,322 - Egegik,32200 - Egegik Drift,259,11,135671,0,0,8,135690,2018-07-05,2018
2018-07-05,322 - Egegik,Egegik Set,183,5,27298,0,0,0,27303,2018-07-05,2018
2018-07-05,324 - Naknek-Kvichak,32400 - Naknek-Kvichak Drift,257,5,152926,0,0,0,152931,2018-07-05,2018
2018-07-05,324 - Naknek-Kvichak,Naknek-Kvichak Set,405,40,131893,0,0,1,131934,2018-07-05,2018
2018-07-05,325 - Nushagak,32500 - Nushagak Drift,1165,342,826338,0,0,58062,884742,2018-07-05,2018
2018-07-05,325 - Nushagak,32541 - WRSHA Set,,,,,,,,2018-07-05,2018
2018-07-05,325 - Nushagak,Nushagak Set,428,306,110061,0,3,3346,113716,2018-07-05,2018
2018-07-05,326 - Togiak,Togiak Drift,47,186,2869,0,9,6395,9459,2018-07-05,2018
2018-07-05,326 - Togiak,Togiak Set,82,101,2863,0,11,1500,4475,2018-07-05,2018
2018-07-04,321 - Ugashik,32100 - Ugashik Drift,91,19,116373,0,0,0,116392,2018-07-04,2018
2018-07-04,321 - Ugashik,Ugashik Set,,,,,,,,2018-07-04,2018
2018-07-04,322 - Egegik,32200 - Egegik Drift,281,0,101326,0,0,0,101326,2018-07-04,2018
2018-07-04,322 - Egegik,Egegik Set,252,8,55314,0,0,0,55322,2018-07-04,2018
2018-07-04,324 - Naknek-Kvichak,32400 - Naknek-Kvichak Drift,169,2,102588,0,0,0,102590,2018-07-04,2018
2018-07-04,324 - Naknek-Kvichak,Naknek-Kvichak Set,222,33,44699,0,0,0,44732,2018-07-04,2018
2018-07-04,325 - Nushagak,32500 - Nushagak Drift,1067,409,692493,0,0,27228,720130,2018-07-04,2018
2018-07-04,325 - Nushagak,32541 - WRSHA Set,,,,,,,,2018-07-04,2018
2018-07-04,325 - Nushagak,Nushagak Set,505,404,122855,0,3,1804,125066,2018-07-04,2018
2018-07-04,326 - Togiak,Togiak Drift,49,117,4410,0,10,3553,8090,2018-07-04,2018
2018-07-04,326 - Togiak,Togiak Set,100,125,5282,0,8,2362,7777,2018-07-04,2018
2018-07-03,324 - Naknek-Kvichak,32400 - Naknek-Kvichak Drift,87,1,2740,0,0,0,2741,2018-07-03,2018
2018-07-03,324 - Naknek-Kvichak,Naknek-Kvichak Set,173,21,16290,0,0,2,16313,2018-07-03,2018
2018-07-03,325 - Nushagak,32500 - Nushagak Drift,1127,440,695829,0,0,30076,726345,2018-07-03,2018
2018-07-03,325 - Nushagak,32541 - WRSHA Set,,,,,,,,2018-07-03,2018
2018-07-03,325 - Nushagak,Nushagak Set,534,379,132223,0,11,3444,136057,2018-07-03,2018
2018-07-03,326 - Togiak,Togiak Drift,48,137,5142,0,14,4190,9483,2018-07-03,2018
2018-07-03,326 - Togiak,Togiak Set,107,108,6231,0,17,1731,8087,2018-07-03,2018
2018-07-02,321 - Ugashik,32100 - Ugashik Drift,59,39,43182,0,0,0,43221,2018-07-02,2018
2018-07-02,321 - Ugashik,Ugashik Set,,,,,,,,2018-07-02,2018
2018-07-02,322 - Egegik,32200 - Egegik Drift,306,12,193869,0,0,0,193881,2018-07-02,2018
2018-07-02,322 - Egegik,Egegik Set,237,2,32933,0,0,0,32935,2018-07-02,2018
2018-07-02,324 - Naknek-Kvichak,32400 - Naknek-Kvichak Drift,115,4,13306,0,0,36,13346,2018-07-02,2018
2018-07-02,324 - Naknek-Kvichak,Naknek-Kvichak Set,260,32,52981,0,0,66,53079,2018-07-02,2018
2018-07-02,325 - Nushagak,32500 - Nushagak Drift,1325,521,994722,0,0,44206,1039449,2018-07-02,2018
2018-07-02,325 - Nushagak,32541 - WRSHA Set,,,,,,,,2018-07-02,2018
2018-07-02,325 - Nushagak,Nushagak Set,483,367,146126,0,3,3013,149509,2018-07-02,2018
2018-07-02,326 - Togiak,Togiak Drift,34,114,3655,0,4,2824,6597,2018-07-02,2018
2018-07-02,326 - Togiak,Togiak Set,67,120,4906,0,3,1030,6059,2018-07-02,2018
2018-07-01,321 - Ugashik,32100 - Ugashik Drift,54,6,30147,0,0,0,30153,2018-07-01,2018
2018-07-01,321 - Ugashik,Ugashik Set,,,,,,,,2018-07-01,2018
2018-07-01,322 - Egegik,32200 - Egegik Drift,295,23,146405,0,0,0,146428,2018-07-01,2018
2018-07-01,322 - Egegik,Egegik Set,179,2,10526,0,0,0,10528,2018-07-01,2018
2018-07-01,324 - Naknek-Kvichak,32400 - Naknek-Kvichak Drift,139,20,143447,0,0,0,143467,2018-07-01,2018
2018-07-01,324 - Naknek-Kvichak,Naknek-Kvichak Set,307,93,113683,0,0,2,113778,2018-07-01,2018
2018-07-01,325 - Nushagak,32500 - Nushagak Drift,1331,728,1427156,0,0,48596,1476480,2018-07-01,2018
2018-07-01,325 - Nushagak,32541 - WRSHA Set,,,,,,,,2018-07-01,2018
2018-07-01,325 - Nushagak,Nushagak Set,696,729,257646,0,0,5073,263448,2018-07-01,2018
2018-06-30,321 - Ugashik,32100 - Ugashik Drift,47,36,47176,0,0,0,47212,2018-06-30,2018
2018-06-30,321 - Ugashik,Ugashik Set,,,,,,,,2018-06-30,2018
2018-06-30,322 - Egegik,32200 - Egegik Drift,303,22,187986,0,0,0,188008,2018-06-30,2018
2018-06-30,322 - Egegik,Egegik Set,225,7,29968,0,0,0,29975,2018-06-30,2018
2018-06-30,324 - Naknek-Kvichak,32400 - Naknek-Kvichak Drift,76,15,1430,0,0,0,1445,2018-06-30,2018
2018-06-30,324 - Naknek-Kvichak,Naknek-Kvichak Set,211,25,11749,0,0,1,11775,2018-06-30,2018
2018-06-30,325 - Nushagak,32500 - Nushagak Drift,1245,507,1481116,0,0,85288,1566911,2018-06-30,2018
2018-06-30,325 - Nushagak,32541 - WRSHA Set,,,,,,,,2018-06-30,2018
2018-06-30,325 - Nushagak,Nushagak Set,348,429,77130,0,0,1305,78864,2018-06-30,2018
2018-06-30,326 - Togiak,Togiak Set,,,,,,,,2018-06-30,2018
2018-06-29,321 - Ugashik,32100 - Ugashik Drift,42,36,41507,0,0,0,41543,2018-06-29,2018
2018-06-29,321 - Ugashik,Ugashik Set,,,,,,,,2018-06-29,2018
2018-06-29,322 - Egegik,32200 - Egegik Drift,264,0,54960,0,0,0,54960,2018-06-29,2018
2018-06-29,322 - Egegik,Egegik Set,194,2,14714,0,0,0,14716,2018-06-29,2018
2018-06-29,324 - Naknek-Kvichak,32400 - Naknek-Kvichak Drift,64,10,3106,0,0,0,3116,2018-06-29,2018
2018-06-29,324 - Naknek-Kvichak,Naknek-Kvichak Set,188,37,9580,0,0,0,9617,2018-06-29,2018
2018-06-29,325 - Nushagak,32500 - Nushagak Drift,1069,594,319104,0,0,26359,346057,2018-06-29,2018
2018-06-29,325 - Nushagak,Nushagak Set,401,569,56714,0,4,1533,58820,2018-06-29,2018
2018-06-29,326 - Togiak,Togiak Drift,,,,,,,,2018-06-29,2018
2018-06-29,326 - Togiak,Togiak Set,4,4,106,0,1,277,388,2018-06-29,2018
2018-06-28,321 - Ugashik,32100 - Ugashik Drift,27,20,13715,0,0,0,13735,2018-06-28,2018
2018-06-28,321 - Ugashik,Ugashik Set,,,,,,,,2018-06-28,2018
2018-06-28,322 - Egegik,32200 - Egegik Drift,248,3,30669,0,0,0,30672,2018-06-28,2018
2018-06-28,322 - Egegik,Egegik Set,186,2,8476,0,0,0,8478,2018-06-28,2018
2018-06-28,324 - Naknek-Kvichak,32400 - Naknek-Kvichak Drift,70,4,8512,0,0,0,8516,2018-06-28,2018
2018-06-28,324 - Naknek-Kvichak,Naknek-Kvichak Set,222,45,31275,0,0,0,31320,2018-06-28,2018
2018-06-28,325 - Nushagak,32500 - Nushagak Drift,1055,604,205624,0,0,16635,222863,2018-06-28,2018
2018-06-28,325 - Nushagak,Nushagak Set,484,589,86627,0,0,2575,89791,2018-06-28,2018
2018-06-28,326 - Togiak,Togiak Drift,4,8,114,0,1,680,803,2018-06-28,2018
2018-06-28,326 - Togiak,Togiak Set,,,,,,,,2018-06-28,2018
2018-06-27,321 - Ugashik,32100 - Ugashik Drift,21,24,15027,0,0,0,15051,2018-06-27,2018
2018-06-27,321 - Ugashik,Ugashik Set,,,,,,,,2018-06-27,2018
2018-06-27,322 - Egegik,32200 - Egegik Drift,254,9,97353,0,0,0,97362,2018-06-27,2018
2018-06-27,322 - Egegik,Egegik Set,135,9,5994,0,0,0,6003,2018-06-27,2018
2018-06-27,324 - Naknek-Kvichak,32400 - Naknek-Kvichak Drift,77,10,16325,0,0,0,16335,2018-06-27,2018
2018-06-27,324 - Naknek-Kvichak,Naknek-Kvichak Set,186,23,12059,0,0,0,12082,2018-06-27,2018
2018-06-27,325 - Nushagak,32500 - Nushagak Drift,906,1106,582353,0,0,53712,637171,2018-06-27,2018
2018-06-27,325 - Nushagak,Nushagak Set,409,710,102250,0,0,2969,105929,2018-06-27,2018
2018-06-27,326 - Togiak,Togiak Drift,3,6,82,0,0,231,319,2018-06-27,2018
2018-06-27,326 - Togiak,Togiak Set,14,32,668,0,0,130,830,2018-06-27,2018
2018-06-26,322 - Egegik,32200 - Egegik Drift,172,14,41249,0,0,0,41263,2018-06-26,2018
2018-06-26,322 - Egegik,Egegik Set,126,3,9932,0,0,0,9935,2018-06-26,2018
2018-06-26,324 - Naknek-Kvichak,32400 - Naknek-Kvichak Drift,68,18,15738,0,0,0,15756,2018-06-26,2018
2018-06-26,324 - Naknek-Kvichak,Naknek-Kvichak Set,135,24,6711,0,0,0,6735,2018-06-26,2018
2018-06-26,325 - Nushagak,32500 - Nushagak Drift,892,1192,905412,0,0,55863,962467,2018-06-26,2018
2018-06-26,325 - Nushagak,Nushagak Set,350,1152,126872,0,0,4974,132998,2018-06-26,2018
2018-06-26,326 - Togiak,Togiak Drift,9,90,198,0,0,1070,1358,2018-06-26,2018
2018-06-26,326 - Togiak,Togiak Set,22,41,322,0,0,180,543,2018-06-26,2018
2018-06-25,321 - Ugashik,Ugashik Set,,,,,,,,2018-06-25,2018
2018-06-25,322 - Egegik,32200 - Egegik Drift,232,44,71361,0,0,0,71405,2018-06-25,2018
2018-06-25,322 - Egegik,Egegik Set,254,16,22719,0,0,0,22735,2018-06-25,2018
2018-06-25,325 - Nushagak,32500 - Nushagak Drift,1137,1787,510063,0,0,74493,586343,2018-06-25,2018
2018-06-25,325 - Nushagak,Nushagak Set,659,2874,231675,0,0,19451,254000,2018-06-25,2018
2018-06-25,326 - Togiak,Togiak Drift,9,40,149,0,0,473,662,2018-06-25,2018
2018-06-25,326 - Togiak,Togiak Set,16,61,331,1,0,241,634,2018-06-25,2018
2018-06-24,325 - Nushagak,32500 - Nushagak Drift,888,1555,399821,0,0,63386,464762,2018-06-24,2018
2018-06-24,325 - Nushagak,Nushagak Set,314,3935,74722,0,0,8222,86879,2018-06-24,2018
2018-06-23,321 - Ugashik,32100 - Ugashik Drift,14,25,2547,0,0,0,2572,2018-06-23,2018
2018-06-23,321 - Ugashik,Ugashik Set,,,,,,,,2018-06-23,2018
2018-06-23,325 - Nushagak,32500 - Nushagak Drift,546,939,415011,0,0,78245,494195,2018-06-23,2018
2018-06-23,325 - Nushagak,Nushagak Set,233,1362,15340,0,0,1146,17848,2018-06-23,2018
2018-06-22,322 - Egegik,32200 - Egegik Drift,150,8,8816,0,0,0,8824,2018-06-22,2018
2018-06-22,322 - Egegik,Egegik Set,145,6,6857,0,0,1,6864,2018-06-22,2018
2018-06-22,324 - Naknek-Kvichak,Naknek-Kvichak Set,,,,,,,,2018-06-22,2018
2018-06-22,325 - Nushagak,32500 - Nushagak Drift,513,1588,53985,0,15,16472,72060,2018-06-22,2018
2018-06-22,325 - Nushagak,Nushagak Set,218,804,14559,0,0,2097,17460,2018-06-22,2018
2018-06-22,326 - Togiak,Togiak Set,,,,,,,,2018-06-22,2018
2018-06-21,324 - Naknek-Kvichak,32400 - Naknek-Kvichak Drift,,,,,,,,2018-06-21,2018
2018-06-21,324 - Naknek-Kvichak,Naknek-Kvichak Set,8,7,54,0,0,0,61,2018-06-21,2018
2018-06-21,325 - Nushagak,32500 - Nushagak Drift,430,1581,74097,0,0,17490,93168,2018-06-21,2018
2018-06-21,325 - Nushagak,Nushagak Set,230,788,16139,0,0,2419,19346,2018-06-21,2018
2018-06-20,322 - Egegik,32200 - Egegik Drift,86,4,5395,0,0,0,5399,2018-06-20,2018
2018-06-20,322 - Egegik,Egegik Set,66,0,1737,0,0,2,1739,2018-06-20,2018
2018-06-20,324 - Naknek-Kvichak,Naknek-Kvichak Set,5,8,42,0,0,1,51,2018-06-20,2018
2018-06-20,325 - Nushagak,32500 - Nushagak Drift,362,2081,112878,0,0,35701,150660,2018-06-20,2018
2018-06-20,325 - Nushagak,Nushagak Set,179,397,14503,0,0,1607,16507,2018-06-20,2018
2018-06-20,326 - Togiak,Togiak Drift,,,,,,,,2018-06-20,2018
2018-06-20,326 - Togiak,Togiak Set,4,6,39,0,0,211,256,2018-06-20,2018
2018-06-19,324 - Naknek-Kvichak,32400 - Naknek-Kvichak Drift,,,,,,,,2018-06-19,2018
2018-06-19,324 - Naknek-Kvichak,Naknek-Kvichak Set,11,3,175,0,0,0,178,2018-06-19,2018
2018-06-19,325 - Nushagak,Nushagak Set,,,,,,,,2018-06-19,2018
2018-06-19,326 - Togiak,Togiak Drift,4,14,20,0,0,314,348,2018-06-19,2018
2018-06-19,326 - Togiak,Togiak Set,23,51,122,0,0,287,460,2018-06-19,2018
2018-06-18,322 - Egegik,32200 - Egegik Drift,61,0,1504,0,0,0,1504,2018-06-18,2018
2018-06-18,322 - Egegik,Egegik Set,91,0,2417,0,0,0,2417,2018-06-18,2018
2018-06-18,324 - Naknek-Kvichak,32400 - Naknek-Kvichak Drift,,,,,,,,2018-06-18,2018
2018-06-18,324 - Naknek-Kvichak,Naknek-Kvichak Set,,,,,,,,2018-06-18,2018
2018-06-18,325 - Nushagak,Nushagak Set,,,,,,,,2018-06-18,2018
2018-06-18,326 - Togiak,Togiak Drift,,,,,,,,2018-06-18,2018
2018-06-18,326 - Togiak,Togiak Set,6,2,8,0,0,49,59,2018-06-18,2018
2018-06-17,325 - Nushagak,Nushagak Set,,,,,,,,2018-06-17,2018
2018-06-16,325 - Nushagak,Nushagak Set,,,,,,,,2018-06-16,2018
2018-06-15,322 - Egegik,32200 - Egegik Drift,,,,,,,,2018-06-15,2018
2018-06-15,322 - Egegik,Egegik Set,,,,,,,,2018-06-15,2018
2018-06-15,325 - Nushagak,Nushagak Set,,,,,,,,2018-06-15,2018
2018-06-14,321 - Ugashik,Ugashik Set,,,,,,,,2018-06-14,2018
2018-06-14,322 - Egegik,32200 - Egegik Drift,16,0,841,0,0,0,841,2018-06-14,2018
2018-06-14,322 - Egegik,Egegik Set,31,0,716,0,0,6,722,2018-06-14,2018
2018-06-14,325 - Nushagak,Nushagak Set,,,,,,,,2018-06-14,2018
2018-06-13,321 - Ugashik,Ugashik Set,,,,,,,,2018-06-13,2018
2018-06-13,322 - Egegik,Egegik Set,,,,,,,,2018-06-13,2018
2018-06-13,325 - Nushagak,Nushagak Set,,,,,,,,2018-06-13,2018
2018-06-12,321 - Ugashik,32100 - Ugashik Drift,,,,,,,,2018-06-12,2018
2018-06-12,322 - Egegik,32200 - Egegik Drift,,,,,,,,2018-06-12,2018
2018-06-12,322 - Egegik,Egegik Set,,,,,,,,2018-06-12,2018
2018-06-12,325 - Nushagak,Nushagak Set,,,,,,,,2018-06-12,2018
2018-06-11,321 - Ugashik,32100 - Ugashik Drift,,,,,,,,2018-06-11,2018
2018-06-11,322 - Egegik,32200 - Egegik Drift,,,,,,,,2018-06-11,2018
2018-06-11,322 - Egegik,Egegik Set,,,,,,,,2018-06-11,2018
2018-06-11,325 - Nushagak,Nushagak Set,,,,,,,,2018-06-11,2018
2018-06-04,322 - Egegik,Egegik Set,,,,,,,,2018-06-04,2018